{
  "schema_version": "experiment-run-v1",
  "group": "A",
  "runs": 1,
  "seeds": [
    42
  ],
  "best_cost_mean": 296.48833692762946,
  "best_cost_std": 0.0,
  "best_cost_min": 296.48833692762946,
  "feasible_rate_mean": 1.0,
  "wall_time_mean_sec": 523.183685541153
}