{
  "schema_version": "experiment-run-v1",
  "group": "A",
  "runs": 1,
  "seeds": [
    42
  ],
  "best_cost_mean": 302.69519952424076,
  "best_cost_std": 0.0,
  "best_cost_min": 302.69519952424076,
  "feasible_rate_mean": 1.0,
  "wall_time_mean_sec": 504.8695092201233
}