{
  "schema_version": "experiment-run-v1",
  "group": "B",
  "runs": 1,
  "seeds": [
    42
  ],
  "best_cost_mean": 184.84559199237637,
  "best_cost_std": 0.0,
  "best_cost_min": 184.84559199237637,
  "feasible_rate_mean": 0.0,
  "wall_time_mean_sec": 262.9645802974701
}