{
  "A": {
    "schema_version": "experiment-run-v1",
    "group": "A",
    "runs": 1,
    "seeds": [
      42
    ],
    "best_cost_mean": 125.21139759027801,
    "best_cost_std": 0.0,
    "best_cost_min": 125.21139759027801,
    "feasible_rate_mean": 0.8888888888888888,
    "wall_time_mean_sec": 804.6199388504028
  }
}