{
  "schema_version": "experiment-run-v1",
  "group": "B",
  "runs": 1,
  "seeds": [
    42
  ],
  "best_cost_mean": 107.40623309143909,
  "best_cost_std": 0.0,
  "best_cost_min": 107.40623309143909,
  "feasible_rate_mean": 1.0,
  "wall_time_mean_sec": 196.95534753799438
}