{
  "A": {
    "schema_version": "experiment-run-v1",
    "group": "A",
    "runs": 1,
    "seeds": [
      42
    ],
    "best_cost_mean": 13.280784681655087,
    "best_cost_std": 0.0,
    "best_cost_min": 13.280784681655087,
    "feasible_rate_mean": 0.7777777777777778,
    "wall_time_mean_sec": 1472.8458850383759
  }
}