{
  "A": {
    "schema_version": "experiment-run-v1",
    "group": "A",
    "runs": 1,
    "seeds": [
      42
    ],
    "best_cost_mean": 261.10748745038995,
    "best_cost_std": 0.0,
    "best_cost_min": 261.10748745038995,
    "feasible_rate_mean": 0.6666666666666666,
    "wall_time_mean_sec": 3180.7960703372955
  }
}