{
  "schema_version": "experiment-run-v1",
  "group": "B",
  "runs": 1,
  "seeds": [
    42
  ],
  "best_cost_mean": 170.3491716168348,
  "best_cost_std": 0.0,
  "best_cost_min": 170.3491716168348,
  "feasible_rate_mean": 0.0,
  "wall_time_mean_sec": 178.58205580711365
}