{
  "A": {
    "schema_version": "experiment-run-v1",
    "group": "A",
    "runs": 1,
    "seeds": [
      42
    ],
    "best_cost_mean": 69.39423223358843,
    "best_cost_std": 0.0,
    "best_cost_min": 69.39423223358843,
    "feasible_rate_mean": 0.5555555555555556,
    "wall_time_mean_sec": 943.3167204856873
  }
}