{
  "A": {
    "schema_version": "experiment-run-v1",
    "group": "A",
    "runs": 1,
    "seeds": [
      42
    ],
    "best_cost_mean": 77.77504896442264,
    "best_cost_std": 0.0,
    "best_cost_min": 77.77504896442264,
    "feasible_rate_mean": 0.6666666666666666,
    "wall_time_mean_sec": 1716.4370551109314
  }
}