{
  "schema_version": "experiment-run-v1",
  "group": "A",
  "runs": 1,
  "seeds": [
    42
  ],
  "best_cost_mean": 40.515972592087046,
  "best_cost_std": 0.0,
  "best_cost_min": 40.515972592087046,
  "feasible_rate_mean": 0.5555555555555556,
  "wall_time_mean_sec": 4166.708420991898
}