{
  "A": {
    "schema_version": "experiment-run-v1",
    "group": "A",
    "runs": 1,
    "seeds": [
      42
    ],
    "best_cost_mean": 324.96398793181714,
    "best_cost_std": 0.0,
    "best_cost_min": 324.96398793181714,
    "feasible_rate_mean": 0.8888888888888888,
    "wall_time_mean_sec": 817.1726763248444
  }
}