{
  "A": {
    "schema_version": "experiment-run-v1",
    "group": "A",
    "runs": 1,
    "seeds": [
      42
    ],
    "best_cost_mean": 27.27841309854631,
    "best_cost_std": 0.0,
    "best_cost_min": 27.27841309854631,
    "feasible_rate_mean": 0.5555555555555556,
    "wall_time_mean_sec": 2284.318025112152
  }
}