{
  "schema_version": "experiment-run-v1",
  "group": "A",
  "runs": 1,
  "seeds": [
    42
  ],
  "best_cost_mean": 67.94004527166747,
  "best_cost_std": 0.0,
  "best_cost_min": 67.94004527166747,
  "feasible_rate_mean": 0.5555555555555556,
  "wall_time_mean_sec": 6300.212350130081
}