{
  "A": {
    "schema_version": "experiment-run-v1",
    "group": "A",
    "runs": 1,
    "seeds": [
      42
    ],
    "best_cost_mean": 214.11779421017002,
    "best_cost_std": 0.0,
    "best_cost_min": 214.11779421017002,
    "feasible_rate_mean": 0.6666666666666666,
    "wall_time_mean_sec": 2525.1979475021362
  }
}