{
  "D1": {
    "schema_version": "experiment-run-v1",
    "group": "D1",
    "runs": 1,
    "seeds": [
      42
    ],
    "best_cost_mean": 390.1027678528408,
    "best_cost_std": 0.0,
    "best_cost_min": 390.1027678528408,
    "feasible_rate_mean": 1.0,
    "wall_time_mean_sec": 0.11827707290649414
  }
}