{
  "A": {
    "schema_version": "experiment-run-v1",
    "group": "A",
    "runs": 1,
    "seeds": [
      42
    ],
    "best_cost_mean": 341.90561754172546,
    "best_cost_std": 0.0,
    "best_cost_min": 341.90561754172546,
    "feasible_rate_mean": 0.3333333333333333,
    "wall_time_mean_sec": 832.6937608718872
  }
}