{
  "schema_version": "experiment-run-v1",
  "group": "A",
  "runs": 1,
  "seeds": [
    42
  ],
  "best_cost_mean": 215.11559092704198,
  "best_cost_std": 0.0,
  "best_cost_min": 215.11559092704198,
  "feasible_rate_mean": 1.0,
  "wall_time_mean_sec": 635.3157460689545
}