{
  "A": {
    "schema_version": "experiment-run-v1",
    "group": "A",
    "runs": 1,
    "seeds": [
      42
    ],
    "best_cost_mean": 287.06867231414566,
    "best_cost_std": 0.0,
    "best_cost_min": 287.06867231414566,
    "feasible_rate_mean": 0.7777777777777778,
    "wall_time_mean_sec": 559.1827669143677
  }
}