{
  "schema_version": "experiment-run-v1",
  "group": "D1",
  "runs": 1,
  "seeds": [
    42
  ],
  "best_cost_mean": 397.77095446868645,
  "best_cost_std": 0.0,
  "best_cost_min": 397.77095446868645,
  "feasible_rate_mean": 1.0,
  "wall_time_mean_sec": 0.2819817066192627
}