{
  "A": {
    "schema_version": "experiment-run-v1",
    "group": "A",
    "runs": 1,
    "seeds": [
      42
    ],
    "best_cost_mean": 16.963600224902795,
    "best_cost_std": 0.0,
    "best_cost_min": 16.963600224902795,
    "feasible_rate_mean": 1.0,
    "wall_time_mean_sec": 405.93959879875183
  }
}