{
  "schema_version": "experiment-run-v1",
  "group": "B",
  "runs": 1,
  "seeds": [
    42
  ],
  "best_cost_mean": 385.11849855565663,
  "best_cost_std": 0.0,
  "best_cost_min": 385.11849855565663,
  "feasible_rate_mean": 0.0,
  "wall_time_mean_sec": 37.325029134750366
}