{
  "A": {
    "schema_version": "experiment-run-v1",
    "group": "A",
    "runs": 1,
    "seeds": [
      42
    ],
    "best_cost_mean": 41.83379432770999,
    "best_cost_std": 0.0,
    "best_cost_min": 41.83379432770999,
    "feasible_rate_mean": 0.5555555555555556,
    "wall_time_mean_sec": 919.9644722938538
  }
}