{
  "schema_version": "experiment-run-v1",
  "group": "D1",
  "runs": 1,
  "seeds": [
    42
  ],
  "best_cost_mean": 286.9155624573695,
  "best_cost_std": 0.0,
  "best_cost_min": 286.9155624573695,
  "feasible_rate_mean": 1.0,
  "wall_time_mean_sec": 0.0892486572265625
}