{
  "schema_version": "experiment-run-v1",
  "group": "B",
  "runs": 1,
  "seeds": [
    42
  ],
  "best_cost_mean": 139.8180178164443,
  "best_cost_std": 0.0,
  "best_cost_min": 139.8180178164443,
  "feasible_rate_mean": 0.0,
  "wall_time_mean_sec": 307.41963481903076
}