{
  "schema_version": "experiment-run-v1",
  "group": "A",
  "runs": 1,
  "seeds": [
    42
  ],
  "best_cost_mean": 81.75209200002432,
  "best_cost_std": 0.0,
  "best_cost_min": 81.75209200002432,
  "feasible_rate_mean": 0.8888888888888888,
  "wall_time_mean_sec": 3381.3869280815125
}