{
  "schema_version": "experiment-run-v1",
  "group": "B",
  "runs": 1,
  "seeds": [
    42
  ],
  "best_cost_mean": 145.70857892936624,
  "best_cost_std": 0.0,
  "best_cost_min": 145.70857892936624,
  "feasible_rate_mean": 0.0,
  "wall_time_mean_sec": 589.4473867416382
}