{
  "A": {
    "schema_version": "experiment-run-v1",
    "group": "A",
    "runs": 1,
    "seeds": [
      42
    ],
    "best_cost_mean": 339.3245254285373,
    "best_cost_std": 0.0,
    "best_cost_min": 339.3245254285373,
    "feasible_rate_mean": 0.2222222222222222,
    "wall_time_mean_sec": 1460.14124417305
  }
}