{
  "schema_version": "experiment-run-v1",
  "group": "B",
  "runs": 1,
  "seeds": [
    42
  ],
  "best_cost_mean": 45.52860192246989,
  "best_cost_std": 0.0,
  "best_cost_min": 45.52860192246989,
  "feasible_rate_mean": 1.0,
  "wall_time_mean_sec": 108.43268728256226
}