{
  "schema_version": "experiment-run-v1",
  "group": "B",
  "runs": 1,
  "seeds": [
    42
  ],
  "best_cost_mean": 384.89717539143237,
  "best_cost_std": 0.0,
  "best_cost_min": 384.89717539143237,
  "feasible_rate_mean": 0.0,
  "wall_time_mean_sec": 59.50142049789429
}