{
  "A": {
    "schema_version": "experiment-run-v1",
    "group": "A",
    "runs": 1,
    "seeds": [
      42
    ],
    "best_cost_mean": 82.60818446935147,
    "best_cost_std": 0.0,
    "best_cost_min": 82.60818446935147,
    "feasible_rate_mean": 0.8888888888888888,
    "wall_time_mean_sec": 907.1375033855438
  }
}