{
  "schema_version": "experiment-run-v1",
  "group": "B",
  "runs": 1,
  "seeds": [
    42
  ],
  "best_cost_mean": 143.91295157937748,
  "best_cost_std": 0.0,
  "best_cost_min": 143.91295157937748,
  "feasible_rate_mean": 0.0,
  "wall_time_mean_sec": 288.1396806240082
}