{
  "schema_version": "experiment-run-v1",
  "group": "A",
  "runs": 1,
  "seeds": [
    42
  ],
  "best_cost_mean": 39.89667752543811,
  "best_cost_std": 0.0,
  "best_cost_min": 39.89667752543811,
  "feasible_rate_mean": 0.8888888888888888,
  "wall_time_mean_sec": 2209.9133694171906
}