{
  "schema_version": "experiment-run-v1",
  "group": "A",
  "runs": 1,
  "seeds": [
    42
  ],
  "best_cost_mean": 17.491631691129633,
  "best_cost_std": 0.0,
  "best_cost_min": 17.491631691129633,
  "feasible_rate_mean": 0.7777777777777778,
  "wall_time_mean_sec": 3130.5571880340576
}