{
  "schema_version": "experiment-run-v1",
  "group": "B",
  "runs": 1,
  "seeds": [
    42
  ],
  "best_cost_mean": 295.76259436407963,
  "best_cost_std": 0.0,
  "best_cost_min": 295.76259436407963,
  "feasible_rate_mean": 0.0,
  "wall_time_mean_sec": 87.84304904937744
}