{
  "schema_version": "experiment-run-v1",
  "group": "D1",
  "runs": 1,
  "seeds": [
    42
  ],
  "best_cost_mean": 418.0481463259124,
  "best_cost_std": 0.0,
  "best_cost_min": 418.0481463259124,
  "feasible_rate_mean": 1.0,
  "wall_time_mean_sec": 0.09812641143798828
}