{
  "schema_version": "experiment-run-v1",
  "group": "A",
  "runs": 1,
  "seeds": [
    42
  ],
  "best_cost_mean": 19.680540783002417,
  "best_cost_std": 0.0,
  "best_cost_min": 19.680540783002417,
  "feasible_rate_mean": 0.0,
  "wall_time_mean_sec": 687.8270716667175
}