{
  "schema_version": "experiment-run-v1",
  "group": "A",
  "runs": 1,
  "seeds": [
    42
  ],
  "best_cost_mean": 66.80161948782646,
  "best_cost_std": 0.0,
  "best_cost_min": 66.80161948782646,
  "feasible_rate_mean": 0.5555555555555556,
  "wall_time_mean_sec": 1331.6533632278442
}