{
  "A": {
    "schema_version": "experiment-run-v1",
    "group": "A",
    "runs": 1,
    "seeds": [
      42
    ],
    "best_cost_mean": 106.1563014615344,
    "best_cost_std": 0.0,
    "best_cost_min": 106.1563014615344,
    "feasible_rate_mean": 0.6666666666666666,
    "wall_time_mean_sec": 3155.184281349182
  }
}