{
  "A": {
    "schema_version": "experiment-run-v1",
    "group": "A",
    "runs": 1,
    "seeds": [
      42
    ],
    "best_cost_mean": 18.983296461162617,
    "best_cost_std": 0.0,
    "best_cost_min": 18.983296461162617,
    "feasible_rate_mean": 0.4444444444444444,
    "wall_time_mean_sec": 2469.6815900802612
  }
}