{
  "A": {
    "schema_version": "experiment-run-v1",
    "group": "A",
    "runs": 1,
    "seeds": [
      42
    ],
    "best_cost_mean": 308.1267664841891,
    "best_cost_std": 0.0,
    "best_cost_min": 308.1267664841891,
    "feasible_rate_mean": 0.3333333333333333,
    "wall_time_mean_sec": 2957.219992160797
  }
}