{
  "A": {
    "schema_version": "experiment-run-v1",
    "group": "A",
    "runs": 1,
    "seeds": [
      42
    ],
    "best_cost_mean": 66.25151900693001,
    "best_cost_std": 0.0,
    "best_cost_min": 66.25151900693001,
    "feasible_rate_mean": 0.7777777777777778,
    "wall_time_mean_sec": 855.094747543335
  }
}