{
  "schema_version": "experiment-run-v1",
  "group": "A",
  "runs": 1,
  "seeds": [
    42
  ],
  "best_cost_mean": 262.06360476253167,
  "best_cost_std": 0.0,
  "best_cost_min": 262.06360476253167,
  "feasible_rate_mean": 0.8888888888888888,
  "wall_time_mean_sec": 554.3362565040588
}