{
  "A": {
    "schema_version": "experiment-run-v1",
    "group": "A",
    "runs": 1,
    "seeds": [
      42
    ],
    "best_cost_mean": 390.7209104209568,
    "best_cost_std": 0.0,
    "best_cost_min": 390.7209104209568,
    "feasible_rate_mean": 0.3333333333333333,
    "wall_time_mean_sec": 2435.9501297473907
  }
}