{
  "schema_version": "experiment-run-v1",
  "group": "D1",
  "runs": 3,
  "seeds": [
    42,
    43,
    44
  ],
  "best_cost_mean": 329.30165851519456,
  "best_cost_std": 43.69427621710795,
  "best_cost_min": 286.9155624573695,
  "feasible_rate_mean": 1.0,
  "wall_time_mean_sec": 0.07736468315124512
}