{
  "A": {
    "schema_version": "experiment-run-v1",
    "group": "A",
    "runs": 1,
    "seeds": [
      42
    ],
    "best_cost_mean": 85.34106125180898,
    "best_cost_std": 0.0,
    "best_cost_min": 85.34106125180898,
    "feasible_rate_mean": 0.7777777777777778,
    "wall_time_mean_sec": 2147.7040073871613
  }
}